,Team,G,MP,FG,FGA,FG%,3P,3PA,3P%,2P,2PA,2P%,FT,FTA,FT%,ORB,DRB,TRB,AST,STL,BLK,TOV,PF,PTS,W,Age,ORtg,DRtg,Pace,ph_FG,ph_FGA,ph_FGpct,ph_3P,ph_3Ppct,ph_2P,ph_2PA,ph_2Ppct,ph_FT,ph_FTA,ph_FTpct,ph_ORB,ph_DRB,ph_TRB,ph_AST,ph_STL,ph_BLK,ph_TOV,ph_PF,Year,PctWin,ph_shotmisspct,Shots,3PA/Shots
0,Los Angeles Clippers,82,240.9,39.1,82.5,0.474,8.5,24.0,35.2,30.7,58.5,52.5,21.2,29.1,0.73,10.5,32.5,43.0,24.6,8.6,4.8,13.9,21.5,107.9,57.0,28.1,112.1,104.8,95.9,40.6,85.6,0.474,8.8,0.35200000000000004,31.8,60.7,0.525,22.0,30.2,0.73,10.9,33.8,44.6,25.5,8.9,5.0,14.4,22.4,2014,69.51219512195121,0.4594127806563039,82.5,29.09090909090909
1,Houston Rockets,82,241.8,38.0,80.5,0.47200000000000003,9.5,26.6,35.8,28.5,54.0,52.900000000000006,22.1,31.1,0.7120000000000001,11.2,34.1,45.3,21.4,7.6,5.6,16.1,20.4,107.7,54.0,25.4,111.0,106.3,96.3,39.2,83.0,0.47200000000000003,9.8,0.358,29.4,55.6,0.529,22.8,32.0,0.7120000000000001,11.6,35.1,46.7,22.1,7.8,5.8,16.6,21.1,2014,65.85365853658537,0.4608695652173913,80.6,33.00248138957817
2,Minnesota Timberwolves,82,242.1,38.9,87.5,0.444,7.3,21.4,34.1,31.6,66.1,47.8,21.8,28.1,0.778,12.5,32.2,44.7,23.9,8.8,3.6,13.9,18.3,106.9,40.0,26.3,108.9,106.2,97.3,39.6,89.1,0.444,7.5,0.341,32.2,67.3,0.478,22.2,28.6,0.778,12.7,32.8,45.6,24.4,8.9,3.7,14.2,18.7,2014,48.78048780487805,0.4749362786745964,87.5,24.457142857142856
3,Portland Trail Blazers,82,242.1,39.1,87.0,0.45,9.4,25.3,37.2,29.7,61.7,48.1,19.1,23.5,0.815,12.5,34.0,46.4,23.2,5.5,4.7,13.7,19.2,106.7,54.0,25.8,111.5,107.4,94.9,40.9,90.9,0.45,9.8,0.37200000000000005,31.1,64.5,0.48100000000000004,20.0,24.5,0.815,13.0,35.5,48.5,24.3,5.8,4.9,14.3,20.1,2014,65.85365853658537,0.47227036395147315,87.0,29.080459770114942
4,Oklahoma City Thunder,82,241.5,39.0,82.7,0.47100000000000003,8.1,22.4,36.1,30.9,60.3,51.2,20.2,25.0,0.8059999999999999,10.8,33.9,44.7,21.9,8.3,6.1,15.3,22.7,106.2,59.0,26.2,110.5,103.9,95.4,40.6,86.1,0.47100000000000003,8.4,0.361,32.1,62.8,0.512,21.0,26.1,0.8059999999999999,11.3,35.3,46.6,22.8,8.6,6.4,15.9,23.6,2014,71.95121951219512,0.4509803921568627,82.69999999999999,27.08585247883918
5,San Antonio Spurs,82,240.9,40.6,83.5,0.486,8.5,21.4,39.7,32.0,62.0,51.7,15.7,20.0,0.785,9.3,34.0,43.3,25.2,7.4,5.1,14.4,18.2,105.4,62.0,28.9,110.5,102.4,95.0,42.5,87.5,0.486,8.9,0.397,33.6,65.1,0.517,16.5,21.0,0.785,9.7,35.6,45.4,26.4,7.7,5.4,15.1,19.1,2014,75.60975609756098,0.45622119815668205,83.4,25.659472422062347
6,Phoenix Suns,82,240.9,38.7,83.5,0.46299999999999997,9.3,25.1,37.2,29.4,58.4,50.3,18.5,24.4,0.758,11.3,31.7,43.0,19.1,8.4,4.6,15.3,21.9,105.2,48.0,26.2,109.5,106.7,95.8,40.2,86.8,0.46299999999999997,9.7,0.37200000000000005,30.5,60.8,0.503,19.3,25.4,0.758,11.8,33.0,44.8,19.8,8.7,4.7,16.0,22.8,2014,58.536585365853654,0.46969696969696967,83.5,30.059880239520957
7,Dallas Mavericks,82,241.8,39.6,83.6,0.474,8.8,22.9,38.4,30.8,60.7,50.8,16.8,21.1,0.795,10.2,30.7,40.9,23.6,8.6,4.3,13.5,20.0,104.8,49.0,30.6,111.2,108.7,93.5,42.0,88.7,0.474,9.3,0.384,32.7,64.4,0.508,17.8,22.4,0.795,10.9,32.5,43.4,25.0,9.1,4.6,14.4,21.2,2014,59.756097560975604,0.46174617461746176,83.6,27.392344497607656
8,Denver Nuggets,82,240.9,38.4,85.9,0.447,8.6,23.9,35.8,29.8,62.0,48.1,19.1,26.3,0.726,12.3,33.1,45.4,22.4,7.5,5.6,15.9,23.0,104.4,36.0,26.0,106.0,108.2,98.1,39.0,87.2,0.447,8.7,0.358,30.3,63.0,0.48100000000000004,19.4,26.7,0.726,12.5,33.7,46.2,22.8,7.6,5.7,16.2,23.4,2014,43.90243902439025,0.4872695346795435,85.9,27.823050058207215
9,Golden State Warriors,82,241.8,39.5,85.4,0.462,9.4,24.8,38.0,30.0,60.6,49.6,15.9,21.1,0.753,10.9,34.4,45.3,23.3,7.8,5.0,15.2,21.8,104.3,51.0,26.3,107.5,102.6,96.2,40.7,88.1,0.462,9.7,0.38,31.0,62.5,0.496,16.4,21.8,0.753,11.3,35.5,46.7,24.0,8.1,5.1,15.7,22.4,2014,62.19512195121951,0.48043676069153773,85.4,29.039812646370024
10,Los Angeles Lakers,82,240.3,38.3,85.1,0.45,9.4,24.8,38.1,28.8,60.3,47.8,17.0,22.4,0.757,9.1,32.0,41.0,24.5,7.5,5.4,15.1,19.8,103.0,27.0,26.8,104.2,110.6,98.7,38.7,86.2,0.45,9.6,0.381,29.2,61.1,0.478,17.2,22.6,0.757,9.2,32.3,41.5,24.8,7.5,5.5,15.3,20.1,2014,32.926829268292686,0.48621323529411764,85.1,29.142185663924796
11,Miami Heat,82,242.4,38.3,76.5,0.501,8.1,22.3,36.4,30.2,54.2,55.8,17.5,23.0,0.76,7.6,29.2,36.9,22.5,8.9,4.5,14.8,19.5,102.2,54.0,30.6,110.9,105.8,91.2,41.6,83.0,0.501,8.8,0.364,32.8,58.8,0.5579999999999999,18.9,24.9,0.76,8.3,31.7,40.0,24.4,9.7,4.9,16.0,21.1,2014,65.85365853658537,0.4392956441149213,76.5,29.150326797385624
12,Toronto Raptors,82,243.4,36.5,81.9,0.445,8.7,23.4,37.2,27.8,58.5,47.5,19.6,25.1,0.782,11.4,31.1,42.5,21.2,7.0,4.2,14.1,23.0,101.3,48.0,25.6,108.8,105.3,91.8,39.2,88.0,0.445,9.3,0.37200000000000005,29.8,62.9,0.475,21.1,26.9,0.782,12.2,33.4,45.7,22.7,7.6,4.5,15.2,24.6,2014,58.536585365853654,0.4751958224543081,81.9,28.57142857142857
13,Detroit Pistons,82,241.2,38.8,86.9,0.447,6.2,19.3,32.1,32.6,67.6,48.3,17.3,25.7,0.67,14.6,30.8,45.4,20.9,8.4,4.8,14.5,20.3,101.0,29.0,24.7,105.9,109.7,94.9,40.7,91.1,0.447,6.5,0.321,34.2,70.9,0.483,18.1,27.0,0.67,15.3,32.3,47.6,21.9,8.8,5.0,15.2,21.3,2014,35.36585365853659,0.5021168501270109,86.89999999999999,22.209436133486772
14,Atlanta Hawks,82,241.8,37.3,81.6,0.45799999999999996,9.4,25.8,36.3,28.0,55.8,50.2,17.0,21.7,0.7809999999999999,8.7,31.3,40.0,24.9,8.3,4.0,15.3,19.2,101.0,38.0,27.5,105.9,106.4,94.6,39.1,85.5,0.45799999999999996,9.8,0.363,29.3,58.5,0.502,17.8,22.8,0.7809999999999999,9.1,32.8,41.9,26.1,8.7,4.2,16.0,20.2,2014,46.34146341463415,0.47460757156048006,81.6,31.617647058823533
15,Washington Wizards,82,244.6,38.7,84.4,0.45899999999999996,7.9,20.8,38.0,30.9,63.6,48.5,15.3,20.9,0.731,10.8,31.4,42.2,23.3,8.1,4.6,14.7,20.4,100.7,44.0,26.3,106.0,104.6,93.2,40.8,88.8,0.45899999999999996,8.3,0.38,32.5,67.0,0.485,16.1,22.0,0.731,11.4,33.0,44.4,24.5,8.6,4.8,15.5,21.5,2014,53.65853658536586,0.48646209386281586,84.4,24.644549763033176
16,Sacramento Kings,82,241.8,36.9,82.5,0.447,6.0,18.0,33.3,30.9,64.5,47.9,20.7,27.3,0.759,12.1,32.4,44.5,18.9,7.2,3.9,15.2,22.5,100.5,28.0,24.9,105.7,108.8,94.4,38.8,86.8,0.447,6.3,0.33299999999999996,32.5,67.9,0.479,21.8,28.7,0.759,12.7,34.1,46.8,19.8,7.5,4.1,16.0,23.7,2014,34.146341463414636,0.47532467532467537,82.5,21.818181818181817
17,New Orleans Pelicans,82,242.1,37.8,82.5,0.45899999999999996,5.9,15.9,37.3,31.9,66.6,47.9,18.2,23.6,0.769,11.4,30.3,41.7,21.3,7.9,6.4,13.8,22.6,99.7,34.0,24.3,107.2,110.1,92.2,40.7,88.7,0.45899999999999996,6.4,0.373,34.3,71.6,0.479,19.5,25.4,0.769,12.2,32.6,44.8,22.9,8.5,6.9,14.8,24.4,2014,41.46341463414634,0.47239263803680975,82.5,19.272727272727273
18,Philadelphia 76ers,82,242.1,37.9,87.2,0.435,7.0,22.5,31.2,30.9,64.7,47.7,16.6,23.4,0.71,11.6,31.2,42.7,21.8,9.3,4.0,16.9,22.5,99.5,19.0,23.4,99.4,109.9,99.2,37.9,87.2,0.435,7.0,0.312,30.9,64.6,0.47700000000000004,16.6,23.4,0.71,11.6,31.2,42.7,21.8,9.3,4.0,16.9,22.5,2014,23.170731707317074,0.5072332730560578,87.2,25.80275229357798
19,New York Knicks,82,242.1,36.9,82.2,0.449,9.3,24.9,37.2,27.7,57.3,48.2,15.5,20.4,0.7609999999999999,10.6,29.7,40.3,20.0,7.7,4.5,13.0,22.1,98.6,37.0,28.3,108.3,109.1,90.3,40.5,90.2,0.449,10.2,0.37200000000000005,30.4,63.0,0.48200000000000004,17.0,22.4,0.7609999999999999,11.7,32.6,44.3,22.0,8.5,4.9,14.2,24.3,2014,45.1219512195122,0.48934280639431615,82.19999999999999,30.29197080291971
20,Brooklyn Nets,82,242.4,35.7,77.9,0.45899999999999996,8.6,23.4,36.9,27.1,54.5,49.7,18.4,24.4,0.753,8.8,29.4,38.1,20.9,8.6,3.8,14.5,21.7,98.5,44.0,30.0,106.7,107.7,91.4,38.7,84.4,0.45899999999999996,9.4,0.369,29.3,59.0,0.49700000000000005,19.9,26.4,0.753,9.5,31.8,41.3,22.6,9.3,4.1,15.7,23.5,2014,53.65853658536586,0.47111913357400725,77.9,30.038510911424897
21,Cleveland Cavaliers,82,243.0,37.0,84.8,0.43700000000000006,7.1,20.0,35.6,29.9,64.8,46.1,17.0,22.7,0.7509999999999999,12.1,32.1,44.1,21.2,7.1,3.7,14.2,20.0,98.2,33.0,24.9,104.2,107.7,93.1,39.3,90.0,0.43700000000000006,7.6,0.35600000000000004,31.7,68.7,0.461,18.1,24.1,0.7509999999999999,12.8,34.0,46.8,22.5,7.5,3.9,15.0,21.2,2014,40.243902439024396,0.4969325153374233,84.8,23.58490566037736
22,Charlotte Bobcats,82,242.7,36.3,82.1,0.442,6.3,17.9,35.1,30.0,64.1,46.8,18.0,24.4,0.737,9.5,33.2,42.7,21.7,6.1,5.1,12.3,18.2,96.9,43.0,25.5,103.6,103.8,92.4,38.8,87.8,0.442,6.7,0.35100000000000003,32.1,68.6,0.46799999999999997,19.2,26.1,0.737,10.1,35.5,45.6,23.2,6.5,5.5,13.2,19.5,2014,52.4390243902439,0.4907813871817384,82.0,21.829268292682926
23,Indiana Pacers,82,241.2,36.0,80.2,0.449,6.7,18.8,35.7,29.3,61.4,47.7,18.1,23.3,0.779,10.2,34.5,44.7,20.1,6.7,5.4,15.1,20.4,96.7,56.0,27.2,104.1,99.3,92.5,38.7,86.2,0.449,7.2,0.35700000000000004,31.5,66.0,0.47700000000000004,19.5,25.0,0.779,10.9,37.1,48.1,21.7,7.2,5.9,16.2,22.0,2014,68.29268292682927,0.4766187050359712,80.2,23.44139650872818
24,Orlando Magic,82,243.4,36.9,82.7,0.445,6.9,19.5,35.3,30.0,63.3,47.4,15.9,20.9,0.763,9.7,32.4,42.0,21.0,7.7,4.3,14.9,20.5,96.5,23.0,24.6,101.7,107.4,93.6,38.8,87.1,0.445,7.2,0.353,31.6,66.6,0.474,16.8,22.0,0.763,10.2,34.1,44.3,22.2,8.1,4.5,15.7,21.6,2014,28.04878048780488,0.49037580201649866,82.8,23.55072463768116
25,Boston Celtics,82,240.6,36.5,83.9,0.435,7.0,21.1,33.3,29.5,62.9,47.0,16.2,20.8,0.777,12.0,30.5,42.5,21.0,7.1,4.2,15.4,21.3,96.2,25.0,25.4,102.9,107.7,93.3,39.1,89.7,0.435,7.5,0.33299999999999996,31.6,67.2,0.47,17.3,22.2,0.777,12.8,32.7,45.4,22.5,7.6,4.5,16.4,22.7,2014,30.48780487804878,0.4959785522788204,84.0,25.11904761904762
26,Memphis Grizzlies,82,241.5,38.1,82.0,0.46399999999999997,4.9,14.0,35.3,33.1,68.0,48.7,15.1,20.3,0.741,11.6,30.8,42.4,21.9,7.7,4.6,13.7,19.1,96.1,50.0,28.5,106.3,104.6,89.9,42.1,90.7,0.46399999999999997,5.5,0.353,36.6,75.2,0.48700000000000004,16.7,22.5,0.741,12.8,34.1,46.9,24.2,8.5,5.1,15.2,21.1,2014,60.97560975609756,0.480565371024735,82.0,17.073170731707318
27,Milwaukee Bucks,82,242.4,36.0,82.2,0.43799999999999994,6.7,18.9,35.3,29.3,63.2,46.4,16.8,22.5,0.747,11.8,29.3,41.1,21.5,6.6,4.9,15.1,20.9,95.5,15.0,24.7,103.0,111.8,91.8,38.8,88.6,0.43799999999999994,7.2,0.353,31.6,68.2,0.46399999999999997,18.1,24.2,0.747,12.8,31.6,44.3,23.2,7.1,5.3,16.3,22.5,2014,18.29268292682927,0.49556737588652483,82.1,23.020706455542022
28,Utah Jazz,82,241.2,36.0,81.1,0.444,6.6,19.2,34.4,29.4,61.9,47.4,16.4,22.0,0.747,11.0,30.2,41.2,20.3,7.0,4.5,14.6,20.7,95.0,25.0,24.5,103.5,111.3,91.4,39.2,88.3,0.444,7.2,0.344,32.0,67.4,0.474,17.9,23.9,0.747,12.0,32.9,44.9,22.1,7.6,4.9,15.9,22.6,2014,30.48780487804878,0.49108734402852044,81.1,23.674475955610358
29,Chicago Bulls,82,243.0,34.7,80.2,0.43200000000000005,6.2,17.8,34.8,28.5,62.4,45.6,18.1,23.3,0.779,11.4,32.7,44.1,22.7,7.2,5.2,14.9,19.1,93.7,48.0,28.6,102.5,100.5,90.2,38.0,87.8,0.43200000000000005,6.8,0.348,31.2,68.3,0.456,19.8,25.5,0.779,12.5,35.8,48.3,24.8,7.9,5.7,16.3,20.9,2014,58.536585365853654,0.48984995586937335,80.2,22.194513715710723
30,Golden State Warriors,82,240.6,41.6,87.0,0.478,10.8,27.0,39.8,30.8,60.0,51.4,16.0,20.8,0.768,10.4,34.3,44.7,27.4,9.3,6.0,14.5,19.9,110.0,67.0,26.6,111.6,101.4,98.3,42.2,88.3,0.478,10.9,0.39799999999999996,31.3,60.9,0.514,16.3,21.2,0.768,10.6,34.8,45.4,27.8,9.4,6.1,14.7,20.2,2015,81.70731707317073,0.4657534246575342,87.0,31.03448275862069
31,Los Angeles Clippers,82,240.6,39.4,83.3,0.473,10.1,26.9,37.6,29.3,56.4,51.9,17.9,25.2,0.71,9.6,33.1,42.6,24.8,7.8,5.0,12.3,21.3,106.7,56.0,28.8,112.4,105.5,94.7,41.5,87.7,0.473,10.6,0.376,30.8,59.4,0.519,18.9,26.5,0.71,10.1,34.8,44.9,26.1,8.2,5.3,13.0,22.5,2015,68.29268292682927,0.4711033274956217,83.3,32.292917166866744
32,Dallas Mavericks,82,242.4,39.7,85.8,0.46299999999999997,8.9,25.4,35.2,30.8,60.4,50.9,16.9,22.5,0.752,10.5,31.8,42.3,22.5,8.1,4.5,13.0,20.0,105.2,50.0,29.9,109.5,106.4,95.2,41.3,89.3,0.46299999999999997,9.3,0.35200000000000004,32.0,62.8,0.509,17.6,23.4,0.752,10.9,33.1,44.0,23.4,8.4,4.7,13.5,20.9,2015,60.97560975609756,0.4773735581188997,85.8,29.6037296037296
33,Toronto Raptors,82,242.1,37.9,83.3,0.455,8.9,25.1,35.2,29.0,58.2,49.9,19.3,24.6,0.787,10.7,30.8,41.5,20.7,7.5,4.4,12.9,20.9,104.0,49.0,26.1,111.0,107.7,92.8,40.5,88.9,0.455,9.5,0.35200000000000004,31.0,62.1,0.499,20.6,26.2,0.787,11.5,32.9,44.4,22.1,8.0,4.6,13.8,22.3,2015,59.756097560975604,0.4691572545612511,83.30000000000001,30.132052821128447
34,Oklahoma City Thunder,82,241.8,38.8,86.8,0.447,7.7,22.7,33.9,31.1,64.1,48.6,18.6,24.6,0.754,12.8,34.7,47.5,20.5,7.3,5.5,14.7,22.3,104.0,45.0,25.4,107.8,105.5,95.7,40.3,90.0,0.447,8.0,0.33899999999999997,32.3,66.4,0.486,19.3,25.5,0.754,13.3,36.0,49.3,21.3,7.6,5.7,15.2,23.1,2015,54.87804878048781,0.483982683982684,86.8,26.152073732718893
35,Houston Rockets,82,241.5,37.0,83.3,0.444,11.4,32.7,34.8,25.6,50.6,50.6,18.6,26.0,0.715,11.7,32.0,43.7,22.2,9.5,5.0,16.7,22.0,103.9,56.0,27.6,107.0,103.4,96.5,38.1,85.8,0.444,11.7,0.348,26.3,52.1,0.506,19.1,26.8,0.715,12.0,32.9,45.0,22.8,9.8,5.1,17.1,22.6,2015,68.29268292682927,0.49200710479573706,83.30000000000001,39.25570228091237
36,San Antonio Spurs,82,243.4,39.1,83.6,0.46799999999999997,8.3,22.5,36.7,30.9,61.1,50.5,16.7,21.4,0.78,9.8,33.8,43.6,24.4,8.0,5.4,14.0,19.1,103.2,55.0,29.8,108.5,102.0,93.8,41.1,87.9,0.46799999999999997,8.7,0.36700000000000005,32.5,64.2,0.505,17.5,22.5,0.78,10.3,35.6,45.9,25.7,8.4,5.7,14.7,20.1,2015,67.07317073170732,0.46920289855072467,83.6,26.91387559808613
37,Cleveland Cavaliers,82,241.2,37.7,82.2,0.45799999999999996,10.1,27.5,36.7,27.6,54.7,50.4,17.7,23.6,0.7509999999999999,11.1,31.9,43.0,22.1,7.4,4.1,14.3,18.4,103.1,53.0,26.9,111.1,106.3,92.3,40.6,88.6,0.45799999999999996,10.9,0.36700000000000005,29.7,58.9,0.504,19.1,25.4,0.7509999999999999,12.0,34.3,46.3,23.8,7.9,4.5,15.4,19.8,2015,64.63414634146342,0.4763157894736842,82.2,33.454987834549875
38,Portland Trail Blazers,82,242.1,38.7,86.0,0.45,9.8,27.2,36.2,28.9,58.8,49.1,15.5,19.4,0.8009999999999999,10.7,35.1,45.9,21.9,6.4,4.5,13.6,18.2,102.8,51.0,27.0,108.2,103.7,94.2,40.7,90.4,0.45,10.4,0.36200000000000004,30.4,61.8,0.491,16.3,20.4,0.8009999999999999,11.3,37.0,48.2,23.1,6.7,4.8,14.3,19.2,2015,62.19512195121951,0.4855595667870037,86.0,31.627906976744185
39,Atlanta Hawks,82,240.6,38.1,81.7,0.466,10.0,26.2,38.0,28.1,55.5,50.6,16.5,21.2,0.778,8.7,31.8,40.6,25.7,9.1,4.6,14.2,17.8,102.5,60.0,27.8,108.9,103.1,93.9,40.4,86.7,0.466,10.6,0.38,29.8,58.9,0.506,17.5,22.5,0.778,9.3,33.8,43.1,27.3,9.6,4.9,15.1,18.9,2015,73.17073170731707,0.46978021978021983,81.7,32.06854345165239
40,Phoenix Suns,82,242.4,38.8,85.8,0.452,8.5,25.0,34.1,30.2,60.9,49.7,16.4,21.5,0.76,10.9,32.2,43.2,20.2,8.5,4.7,15.1,21.3,102.4,39.0,25.7,105.3,106.2,96.3,39.8,88.3,0.452,8.8,0.341,31.1,62.6,0.49700000000000005,16.8,22.2,0.76,11.2,33.1,44.4,20.8,8.8,4.8,15.5,21.9,2015,47.5609756097561,0.4877828054298643,85.9,29.103608847497085
41,Denver Nuggets,82,242.4,37.8,87.3,0.433,8.0,24.8,32.5,29.7,62.5,47.6,17.8,24.3,0.7340000000000001,12.3,32.4,44.7,21.8,7.8,4.5,14.2,23.0,101.5,30.0,26.4,104.5,108.2,96.1,38.9,89.9,0.433,8.3,0.325,30.6,64.4,0.47600000000000003,18.4,25.0,0.7340000000000001,12.7,33.3,46.0,22.5,8.1,4.6,14.6,23.6,2015,36.58536585365854,0.5013054830287207,87.3,28.4077892325315
42,Boston Celtics,82,242.4,38.9,87.9,0.44299999999999995,8.0,24.6,32.7,30.9,63.3,48.8,15.4,20.5,0.754,11.1,32.7,43.8,24.5,8.2,3.6,13.8,21.2,101.4,40.0,25.0,104.7,104.5,95.8,40.2,90.8,0.44299999999999995,8.3,0.327,31.9,65.4,0.488,15.9,21.1,0.754,11.5,33.8,45.3,25.3,8.5,3.7,14.3,21.9,2015,48.78048780487805,0.49865951742627346,87.9,27.986348122866893
43,Sacramento Kings,82,242.1,36.7,80.7,0.455,5.6,16.5,34.1,31.1,64.2,48.4,22.3,29.3,0.762,10.9,33.3,44.2,20.3,6.7,4.0,16.3,20.7,101.3,29.0,26.0,105.3,109.2,95.4,38.2,83.9,0.455,5.8,0.341,32.3,66.8,0.484,23.2,30.4,0.762,11.3,34.6,45.9,21.1,7.0,4.1,16.9,21.5,2015,35.36585365853659,0.46281714785651795,80.7,20.44609665427509
44,Chicago Bulls,82,242.4,36.6,82.9,0.442,7.9,22.3,35.3,28.7,60.6,47.4,19.7,25.2,0.7829999999999999,11.7,34.0,45.7,21.7,6.3,5.8,14.0,18.2,100.8,50.0,28.8,107.5,104.3,92.8,39.0,88.4,0.442,8.4,0.353,30.7,64.7,0.474,21.1,26.9,0.7829999999999999,12.5,36.3,48.8,23.2,6.7,6.2,14.9,19.5,2015,60.97560975609756,0.4787510841283608,82.9,26.89987937273824
45,New Orleans Pelicans,82,241.2,37.9,82.9,0.457,7.1,19.3,37.0,30.8,63.6,48.4,16.4,21.8,0.7509999999999999,11.5,32.0,43.5,22.0,6.7,6.2,13.3,18.7,99.4,45.0,25.3,108.2,107.3,91.4,41.3,90.2,0.457,7.8,0.37,33.5,69.2,0.484,17.9,23.8,0.7509999999999999,12.5,34.8,47.3,24.0,7.3,6.8,14.4,20.3,2015,54.87804878048781,0.48070175438596496,82.9,23.2810615199035
46,Washington Wizards,82,243.4,38.3,82.8,0.462,6.1,16.8,36.0,32.2,66.0,48.8,15.9,21.4,0.742,10.5,34.2,44.7,24.0,7.3,4.6,15.0,20.8,98.5,46.0,28.6,103.7,103.0,93.7,40.3,87.2,0.462,6.4,0.36,33.9,69.4,0.488,16.8,22.6,0.742,11.1,36.0,47.0,25.3,7.7,4.9,15.8,21.9,2015,56.09756097560976,0.4799635701275047,82.8,20.28985507246377
47,Detroit Pistons,82,241.8,37.1,85.8,0.43200000000000005,8.6,24.9,34.4,28.5,60.9,46.8,15.8,22.4,0.703,12.8,32.1,44.9,21.6,7.6,4.7,13.4,19.0,98.5,32.0,25.9,105.3,106.4,92.8,39.7,91.8,0.43200000000000005,9.2,0.344,30.5,65.1,0.46799999999999997,16.8,24.0,0.703,13.7,34.3,48.0,23.1,8.1,5.0,14.3,20.3,2015,39.02439024390244,0.5120898100172712,85.8,29.02097902097902
48,Los Angeles Lakers,82,243.0,37.2,85.6,0.435,6.5,18.9,34.4,30.8,66.8,46.1,17.5,23.6,0.741,11.6,32.3,43.9,20.9,7.0,4.5,13.2,21.2,98.5,21.0,27.0,103.4,110.6,94.0,39.1,89.9,0.435,6.8,0.344,32.3,70.1,0.461,18.4,24.8,0.741,12.2,33.9,46.1,22.0,7.4,4.7,13.9,22.3,2015,25.609756097560975,0.4986922406277245,85.69999999999999,22.053675612602103
49,Memphis Grizzlies,82,242.7,37.8,82.5,0.45799999999999996,5.2,15.2,33.9,32.6,67.3,48.5,17.6,22.8,0.773,10.4,32.1,42.6,21.7,8.5,4.2,13.3,19.1,98.3,55.0,29.6,105.7,102.2,92.0,40.6,88.7,0.45799999999999996,5.5,0.33899999999999997,35.1,72.3,0.485,18.9,24.5,0.773,11.2,34.5,45.8,23.3,9.2,4.5,14.3,20.5,2015,67.07317073170732,0.47438162544169615,82.5,18.424242424242422
50,Brooklyn Nets,82,243.0,37.4,83.0,0.451,6.6,19.9,33.1,30.8,63.1,48.9,16.6,22.2,0.748,10.3,32.0,42.4,20.9,7.0,4.1,13.8,19.3,98.0,38.0,28.6,104.4,107.4,92.7,39.9,88.4,0.451,7.0,0.331,32.8,67.2,0.489,17.6,23.6,0.748,11.0,34.1,45.1,22.3,7.5,4.4,14.7,20.5,2015,46.34146341463415,0.48660714285714285,83.0,23.97590361445783
51,Milwaukee Bucks,82,243.0,37.6,82.0,0.45899999999999996,6.6,18.3,36.3,31.0,63.7,48.6,16.0,21.1,0.757,10.7,31.4,42.1,23.6,9.6,4.9,16.7,22.1,97.8,41.0,24.6,102.7,102.2,94.1,39.5,86.0,0.45899999999999996,7.0,0.363,32.5,66.8,0.486,16.8,22.2,0.757,11.2,32.9,44.2,24.7,10.1,5.2,17.6,23.2,2015,50.0,0.47966728280961185,82.0,22.317073170731707
52,Minnesota Timberwolves,82,241.5,36.4,83.2,0.43799999999999994,5.0,14.9,33.2,31.5,68.3,46.1,20.0,25.7,0.7759999999999999,11.6,29.3,40.9,21.6,8.1,4.0,15.0,19.2,97.8,16.0,24.4,102.9,112.2,94.4,38.3,87.5,0.43799999999999994,5.2,0.332,33.1,71.8,0.461,21.0,27.1,0.7759999999999999,12.2,30.9,43.1,22.7,8.6,4.2,15.8,20.2,2015,19.51219512195122,0.4825479930191972,83.2,17.908653846153847
53,Indiana Pacers,82,242.1,36.6,83.2,0.439,7.5,21.2,35.2,29.1,62.0,46.9,16.7,22.2,0.7559999999999999,10.4,34.4,44.9,21.4,6.2,4.6,14.0,21.2,97.3,38.0,28.3,103.5,103.2,93.2,38.9,88.5,0.439,7.9,0.35200000000000004,31.0,66.0,0.469,17.8,23.6,0.7559999999999999,11.1,36.6,47.7,22.8,6.6,4.9,14.9,22.6,2015,46.34146341463415,0.4942016057091882,83.2,25.48076923076923
54,Orlando Magic,82,240.9,37.5,82.8,0.45299999999999996,6.8,19.5,34.7,30.8,63.3,48.6,13.9,19.1,0.7290000000000001,10.0,31.8,41.8,20.6,7.9,3.8,14.9,20.9,95.7,25.0,24.3,101.6,107.7,93.8,39.8,87.9,0.45299999999999996,7.2,0.34700000000000003,32.6,67.2,0.486,14.8,20.3,0.7290000000000001,10.6,33.7,44.4,21.9,8.4,4.1,15.8,22.2,2015,30.48780487804878,0.49537892791127547,82.8,23.55072463768116
55,Utah Jazz,82,240.3,35.4,79.2,0.447,7.4,21.7,34.3,27.9,57.5,48.6,17.0,23.5,0.721,12.0,31.9,44.0,19.9,7.6,6.0,15.3,19.3,95.1,38.0,23.4,105.1,104.9,90.4,39.1,87.5,0.447,8.2,0.34299999999999997,30.9,63.5,0.486,18.7,26.0,0.721,13.3,35.3,48.6,22.0,8.4,6.6,16.9,21.3,2015,46.34146341463415,0.49074889867841415,79.2,27.398989898989896
56,Miami Heat,82,240.6,35.2,77.2,0.456,6.8,20.2,33.5,28.4,57.0,49.9,17.5,23.7,0.741,9.1,30.0,39.1,19.8,7.8,4.5,14.8,20.0,94.7,37.0,28.5,103.9,106.7,90.9,38.6,84.7,0.456,7.4,0.335,31.2,62.5,0.499,19.2,26.0,0.741,10.0,32.9,42.9,21.8,8.6,5.0,16.2,21.9,2015,45.1219512195122,0.4778681120144535,77.2,26.165803108808287
57,Charlotte Hornets,82,242.7,35.5,84.5,0.42,6.1,19.1,31.8,29.5,65.4,45.0,17.0,22.8,0.748,10.0,34.1,44.1,20.2,6.1,5.5,11.9,18.2,94.2,33.0,26.0,100.1,103.5,93.0,37.8,89.9,0.42,6.5,0.318,31.3,69.6,0.45,18.1,24.2,0.748,10.6,36.2,46.9,21.5,6.5,5.8,12.7,19.4,2015,40.243902439024396,0.5100788781770378,84.5,22.603550295857993
58,Philadelphia 76ers,82,241.5,33.7,82.6,0.408,8.4,26.3,32.0,25.3,56.3,44.9,16.1,23.8,0.6759999999999999,11.9,30.9,42.9,20.5,9.6,5.9,17.7,21.7,92.0,18.0,23.2,95.5,104.8,95.7,35.0,85.8,0.408,8.8,0.32,26.2,58.4,0.449,16.7,24.7,0.6759999999999999,12.4,32.1,44.5,21.3,10.0,6.2,18.4,22.5,2015,21.951219512195124,0.5321266968325792,82.6,31.840193704600487
59,New York Knicks,82,242.1,35.1,82.0,0.428,6.8,19.7,34.7,28.3,62.3,45.4,14.8,19.2,0.769,10.6,29.8,40.4,21.3,7.0,4.7,14.7,21.6,91.9,17.0,26.9,99.9,110.0,91.2,38.2,89.2,0.428,7.4,0.34700000000000003,30.8,67.8,0.45399999999999996,16.1,20.9,0.769,11.5,32.4,43.9,23.1,7.6,5.1,16.0,23.4,2015,20.73170731707317,0.5068119891008174,82.0,24.024390243902438
60,Golden State Warriors,82,242.4,42.5,87.3,0.48700000000000004,13.1,31.6,41.6,29.4,55.7,52.800000000000004,16.7,21.8,0.763,10.0,36.2,46.2,28.9,8.4,6.1,15.2,20.7,114.9,73.0,27.4,114.5,103.8,99.3,42.4,87.0,0.48700000000000004,13.1,0.41600000000000004,29.3,55.5,0.528,16.6,21.8,0.763,9.9,36.1,46.0,28.8,8.4,6.1,15.1,20.7,2016,89.02439024390245,0.4577205882352941,87.30000000000001,36.19702176403207
61,Oklahoma City Thunder,82,241.8,41.1,86.4,0.47600000000000003,8.3,23.7,34.9,32.9,62.6,52.400000000000006,19.7,25.2,0.782,13.1,35.6,48.6,23.0,7.4,5.9,15.9,20.6,110.2,55.0,25.8,113.1,105.6,96.7,42.2,88.6,0.47600000000000003,8.5,0.349,33.7,64.3,0.524,20.2,25.9,0.782,13.4,36.5,49.9,23.6,7.5,6.1,16.3,21.2,2016,67.07317073170732,0.45502183406113533,86.3,27.46234067207416
62,Sacramento Kings,82,241.5,40.0,86.4,0.46399999999999997,8.0,22.4,35.9,32.0,64.0,50.0,18.5,25.5,0.725,10.6,33.7,44.2,24.5,8.9,4.5,16.2,20.4,106.6,33.0,26.6,106.0,108.4,100.0,39.8,85.9,0.46399999999999997,8.0,0.359,31.8,63.6,0.5,18.4,25.3,0.725,10.5,33.5,44.0,24.4,8.9,4.5,16.1,20.3,2016,40.243902439024396,0.47661870503597126,86.4,25.925925925925924
63,Houston Rockets,82,241.8,37.7,83.5,0.452,10.7,30.9,34.7,27.0,52.6,51.4,20.4,29.4,0.6940000000000001,11.3,31.7,43.1,22.2,10.0,5.2,15.9,21.8,106.5,41.0,27.8,108.3,108.1,97.6,38.4,84.9,0.452,10.9,0.34700000000000003,27.5,53.5,0.514,20.7,29.8,0.6940000000000001,11.5,32.2,43.8,22.6,10.2,5.3,16.2,22.2,2016,50.0,0.48474280732345254,83.5,37.0059880239521
64,Boston Celtics,82,241.2,39.2,89.2,0.439,8.7,26.1,33.5,30.5,63.1,48.3,18.5,23.5,0.7879999999999999,11.6,33.3,44.9,24.2,9.2,4.2,13.7,21.9,105.7,48.0,25.2,106.8,103.6,98.5,39.6,90.2,0.439,8.8,0.335,30.8,63.8,0.483,18.7,23.8,0.7879999999999999,11.7,33.7,45.4,24.4,9.3,4.3,13.9,22.1,2016,58.536585365853654,0.4885964912280702,89.2,29.260089686098656
65,Portland Trail Blazers,82,241.5,38.6,85.9,0.45,10.5,28.5,37.0,28.1,57.4,49.0,17.4,23.0,0.754,11.6,33.9,45.5,21.3,6.9,4.6,14.6,21.7,105.1,44.0,24.3,108.8,108.0,96.0,40.0,88.9,0.45,10.9,0.37,29.1,59.4,0.49,18.0,23.8,0.754,12.0,35.1,47.1,22.1,7.1,4.8,15.1,22.5,2016,53.65853658536586,0.48535936113575867,85.9,33.17811408614668
66,Los Angeles Clippers,82,241.8,38.3,82.4,0.465,9.7,26.7,36.4,28.6,55.7,51.300000000000004,18.2,26.2,0.6920000000000001,8.8,33.3,42.0,22.8,8.6,5.6,13.0,21.3,104.5,53.0,29.7,108.3,103.8,95.8,39.7,85.4,0.465,10.1,0.364,29.6,57.7,0.513,18.8,27.2,0.6920000000000001,9.1,34.5,43.6,23.7,9.0,5.8,13.4,22.1,2016,64.63414634146342,0.480461811722913,82.4,32.40291262135922
67,Cleveland Cavaliers,82,242.1,38.7,84.0,0.46,10.7,29.6,36.2,27.9,54.4,51.4,16.3,21.7,0.748,10.6,33.9,44.5,22.7,6.7,3.9,13.6,20.3,104.3,57.0,28.1,110.9,104.5,93.3,41.1,89.3,0.46,11.4,0.36200000000000004,29.7,57.8,0.514,17.3,23.1,0.748,11.3,36.0,47.3,24.1,7.1,4.1,14.4,21.6,2016,69.51219512195121,0.48042704626334515,84.0,35.23809523809524
68,Washington Wizards,82,240.9,39.5,85.8,0.46,8.6,24.2,35.8,30.8,61.6,50.1,16.5,22.5,0.73,9.1,32.8,41.8,24.5,8.6,3.9,14.5,20.8,104.1,41.0,27.3,105.3,105.8,98.5,40.0,86.8,0.46,8.7,0.358,31.2,62.3,0.501,16.6,22.8,0.73,9.2,33.2,42.3,24.7,8.7,4.0,14.6,21.1,2016,50.0,0.48357664233576636,85.8,28.205128205128204
69,San Antonio Spurs,82,240.3,40.1,82.9,0.484,7.0,18.5,37.5,33.2,64.4,51.5,16.4,20.4,0.8029999999999999,9.4,34.5,43.9,24.5,8.3,5.9,13.1,17.5,103.5,67.0,30.3,110.3,99.0,93.8,42.7,88.3,0.484,7.4,0.375,35.3,68.6,0.515,17.4,21.7,0.8029999999999999,10.0,36.8,46.8,26.1,8.8,6.3,13.9,18.6,2016,81.70731707317073,0.4536363636363636,82.9,22.316043425814232
70,Charlotte Hornets,82,242.1,37.0,84.4,0.439,10.6,29.4,36.2,26.4,55.0,47.9,18.7,23.7,0.79,9.0,35.0,43.9,21.7,7.3,5.3,12.6,18.1,103.4,48.0,26.0,107.1,104.3,95.7,38.4,87.5,0.439,11.0,0.36200000000000004,27.3,57.0,0.479,19.4,24.5,0.79,9.3,36.3,45.5,22.5,7.5,5.5,13.0,18.8,2016,58.536585365853654,0.48392857142857143,84.4,34.83412322274881
71,Atlanta Hawks,82,241.8,38.6,84.4,0.45799999999999996,9.9,28.4,35.0,28.7,56.1,51.2,15.6,20.0,0.7829999999999999,8.3,33.8,42.1,25.6,9.1,5.9,15.0,19.1,102.8,48.0,28.2,105.1,101.4,97.1,39.5,86.3,0.45799999999999996,10.2,0.35,29.3,57.3,0.512,16.0,20.4,0.7829999999999999,8.5,34.5,43.0,26.2,9.3,6.1,15.3,19.6,2016,58.536585365853654,0.4798500468603561,84.5,33.6094674556213
72,New Orleans Pelicans,82,241.2,38.5,85.9,0.44799999999999995,8.6,23.8,36.0,29.9,62.1,48.2,17.3,22.2,0.7759999999999999,9.5,33.1,42.6,22.2,7.7,4.2,13.4,20.9,102.7,30.0,26.6,105.6,109.5,96.8,39.5,88.3,0.44799999999999995,8.8,0.36,30.7,63.8,0.48200000000000004,17.7,22.9,0.7759999999999999,9.8,34.0,43.8,22.8,7.9,4.3,13.8,21.5,2016,36.58536585365854,0.48561151079136683,85.9,27.706635622817227
73,Toronto Raptors,82,241.2,36.7,81.3,0.451,8.6,23.4,37.0,28.0,58.0,48.3,20.8,26.7,0.777,10.2,33.2,43.4,18.7,7.8,5.5,13.1,19.6,102.7,56.0,26.3,110.0,105.2,92.9,39.3,87.1,0.451,9.2,0.37,30.0,62.1,0.483,22.2,28.6,0.777,10.9,35.6,46.5,20.1,8.3,5.9,14.0,21.0,2016,68.29268292682927,0.4684528954191875,81.4,28.74692874692874
74,Minnesota Timberwolves,82,242.4,37.7,81.3,0.46399999999999997,5.5,16.4,33.8,32.2,64.9,49.6,21.4,27.0,0.792,10.0,31.5,41.6,23.4,8.0,4.6,15.0,20.7,102.4,29.0,24.6,106.5,110.1,95.2,39.2,84.5,0.46399999999999997,5.8,0.33799999999999997,33.5,67.5,0.496,22.2,28.1,0.792,10.4,32.8,43.2,24.3,8.3,4.8,15.6,21.5,2016,35.36585365853659,0.4547069271758436,81.30000000000001,20.172201722017217
75,Dallas Mavericks,82,244.0,37.4,84.1,0.444,9.8,28.6,34.4,27.5,55.6,49.5,17.7,22.3,0.794,9.2,33.9,43.1,22.1,6.8,3.7,12.8,19.5,102.3,42.0,30.3,106.7,107.0,94.3,39.0,87.8,0.444,10.3,0.344,28.7,58.0,0.495,18.5,23.3,0.794,9.6,35.4,44.9,23.1,7.1,3.9,13.3,20.3,2016,51.21951219512195,0.4824482448244824,84.2,33.966745843230406
76,Indiana Pacers,82,242.4,38.3,85.2,0.45,8.1,23.0,35.1,30.2,62.1,48.6,17.4,22.8,0.764,10.3,33.9,44.2,21.2,9.0,4.8,14.9,20.0,102.2,45.0,26.9,104.6,102.9,96.6,39.3,87.3,0.45,8.3,0.35100000000000003,31.0,63.7,0.486,17.9,23.4,0.764,10.6,34.7,45.3,21.7,9.3,4.9,15.2,20.5,2016,54.87804878048781,0.4832881662149955,85.1,27.027027027027028
77,Orlando Magic,82,242.7,39.5,86.8,0.455,7.8,22.2,35.0,31.8,64.7,49.2,15.2,20.1,0.757,10.3,33.0,43.3,23.6,8.2,5.1,14.1,20.7,102.1,35.0,23.9,105.1,106.8,96.0,40.7,89.4,0.455,8.0,0.35,32.7,66.6,0.49200000000000005,15.7,20.7,0.757,10.6,34.0,44.6,24.3,8.5,5.2,14.5,21.4,2016,42.68292682926829,0.4877384196185286,86.9,25.546605293440734
78,Detroit Pistons,82,242.4,37.9,86.4,0.439,9.0,26.2,34.5,28.9,60.2,48.0,17.1,25.5,0.6679999999999999,12.5,33.9,46.3,19.4,7.0,3.7,13.5,19.0,102.0,44.0,25.0,106.1,105.5,95.1,39.5,90.0,0.439,9.4,0.345,30.1,62.7,0.48,17.8,26.6,0.6679999999999999,13.0,35.3,48.2,20.2,7.3,3.9,14.1,19.8,2016,53.65853658536586,0.5085763293310464,86.4,30.32407407407407
79,Denver Nuggets,82,241.8,37.7,85.4,0.442,8.0,23.7,33.8,29.7,61.7,48.2,18.5,24.1,0.7659999999999999,11.5,33.1,44.6,22.7,7.4,4.8,14.7,21.0,101.9,33.0,24.7,105.6,108.9,95.7,39.1,88.5,0.442,8.3,0.33799999999999997,30.8,64.0,0.48200000000000004,19.1,25.0,0.7659999999999999,11.9,34.4,46.3,23.5,7.7,5.0,15.2,21.8,2016,40.243902439024396,0.48722466960352423,85.4,27.751756440281028
80,Chicago Bulls,82,242.7,38.6,87.4,0.441,7.9,21.4,37.1,30.7,66.1,46.4,16.5,21.0,0.787,11.1,35.2,46.3,22.8,6.0,5.7,13.9,18.8,101.6,42.0,27.6,105.0,106.5,95.7,39.9,90.3,0.441,8.2,0.371,31.7,68.2,0.46399999999999997,17.1,21.7,0.787,11.4,36.4,47.8,23.6,6.2,5.9,14.4,19.5,2016,51.21951219512195,0.49107142857142855,87.5,24.457142857142856
81,Phoenix Suns,82,240.3,37.2,85.6,0.435,9.0,25.8,34.8,28.2,59.8,47.2,17.5,23.2,0.7509999999999999,11.5,33.3,44.8,20.7,7.7,3.8,17.2,22.7,100.9,23.0,26.0,102.2,109.0,98.5,37.7,86.8,0.435,9.1,0.348,28.6,60.6,0.47200000000000003,17.7,23.5,0.7509999999999999,11.7,33.8,45.4,21.0,7.8,3.9,17.4,23.0,2016,28.04878048780488,0.4977334542157751,85.6,30.140186915887853
82,Miami Heat,82,241.8,38.4,81.7,0.47,6.1,18.0,33.6,32.3,63.6,50.8,17.1,23.0,0.7440000000000001,9.8,34.3,44.1,20.8,6.7,6.5,14.1,18.3,100.0,48.0,28.4,106.1,104.4,93.6,40.7,86.6,0.47,6.4,0.336,34.3,67.5,0.508,18.2,24.4,0.7440000000000001,10.4,36.4,46.8,22.1,7.2,6.9,14.9,19.4,2016,58.536585365853654,0.4693693693693693,81.6,22.058823529411768
83,Memphis Grizzlies,82,241.8,36.8,83.6,0.44,6.1,18.5,33.1,30.7,65.1,47.1,19.3,24.7,0.7829999999999999,11.2,30.5,41.6,20.7,8.8,4.3,13.3,21.7,99.1,42.0,30.5,105.4,107.8,93.3,39.2,89.0,0.44,6.5,0.331,32.6,69.3,0.47100000000000003,20.6,26.3,0.7829999999999999,11.9,32.4,44.3,22.0,9.4,4.5,14.1,23.1,2016,51.21951219512195,0.48135299219427574,83.6,22.129186602870814
84,Milwaukee Bucks,82,241.8,38.4,82.2,0.467,5.4,15.6,34.5,33.0,66.6,49.5,17.0,22.7,0.747,10.5,31.2,41.7,23.1,8.2,5.8,15.2,20.7,99.0,33.0,23.5,104.3,108.7,94.2,40.4,86.6,0.467,5.7,0.345,34.7,70.2,0.495,17.9,23.9,0.747,11.0,32.9,43.9,24.3,8.6,6.1,16.0,21.8,2016,40.243902439024396,0.4723981900452489,82.19999999999999,18.978102189781023
85,Brooklyn Nets,82,240.9,38.2,84.4,0.45299999999999996,6.5,18.4,35.2,31.8,66.0,48.1,15.7,20.7,0.757,10.5,31.9,42.4,22.3,7.6,4.0,14.8,18.0,98.6,21.0,26.9,103.2,110.9,95.2,40.0,88.3,0.45299999999999996,6.8,0.35200000000000004,33.2,69.0,0.48100000000000004,16.4,21.7,0.757,11.0,33.3,44.4,23.3,8.0,4.2,15.5,18.8,2016,25.609756097560975,0.4872727272727273,84.4,21.800947867298575
86,New York Knicks,82,241.5,36.9,84.0,0.439,7.4,21.5,34.6,29.4,62.5,47.1,17.2,21.4,0.805,10.4,34.0,44.4,20.5,5.7,5.7,13.4,19.7,98.4,32.0,27.2,104.6,107.6,93.4,39.2,89.3,0.439,7.9,0.34600000000000003,31.3,66.5,0.47100000000000003,18.3,22.7,0.805,11.0,36.2,47.2,21.8,6.1,6.0,14.3,21.0,2016,39.02439024390244,0.48660714285714285,84.0,25.595238095238095
87,Utah Jazz,82,243.4,36.1,80.4,0.449,8.5,23.9,35.5,27.6,56.5,48.8,17.1,23.0,0.7440000000000001,10.7,32.5,43.2,19.0,7.7,5.2,14.9,20.2,97.7,40.0,24.2,105.9,103.9,91.0,39.1,87.1,0.449,9.2,0.355,29.9,61.3,0.488,18.5,24.9,0.7440000000000001,11.6,35.2,46.9,20.6,8.3,5.6,16.2,21.9,2016,48.78048780487805,0.4857142857142857,80.4,29.726368159203975
88,Philadelphia 76ers,82,241.5,36.2,84.0,0.431,9.3,27.5,33.9,26.9,56.5,47.6,15.7,22.6,0.6940000000000001,9.5,31.8,41.2,21.5,8.3,6.0,16.4,21.7,97.4,10.0,23.3,98.8,109.2,97.9,36.7,85.2,0.431,9.5,0.33899999999999997,27.3,57.3,0.47600000000000003,15.9,22.9,0.6940000000000001,9.6,32.2,41.8,21.8,8.4,6.1,16.6,22.0,2016,12.195121951219512,0.5134135060129509,84.0,32.73809523809524
89,Los Angeles Lakers,82,240.6,35.1,84.8,0.414,7.8,24.6,31.7,27.3,60.2,45.4,19.3,24.7,0.7809999999999999,10.7,32.3,43.0,18.0,7.2,4.1,13.7,20.3,97.3,17.0,26.5,101.6,111.6,95.6,36.7,88.5,0.414,8.1,0.317,28.5,62.9,0.45399999999999996,20.1,25.8,0.7809999999999999,11.2,33.7,44.8,18.8,7.5,4.3,14.3,21.2,2016,20.73170731707317,0.5030621172353456,84.80000000000001,29.009433962264147
90,Golden State Warriors,82,241.2,43.1,87.1,0.495,12.0,31.2,38.3,31.1,55.8,55.7,17.8,22.6,0.7879999999999999,9.4,35.0,44.4,30.4,9.6,6.8,14.8,19.3,115.9,67.0,28.2,115.6,104.0,99.8,43.0,86.8,0.495,11.9,0.38299999999999995,31.0,55.7,0.557,17.7,22.5,0.7879999999999999,9.4,34.9,44.3,30.3,9.5,6.7,14.7,19.3,2017,81.70731707317073,0.44464775846294596,87.0,35.86206896551724
91,Houston Rockets,82,241.2,40.3,87.2,0.462,14.4,40.3,35.7,25.9,46.9,55.2,20.3,26.5,0.7659999999999999,10.9,33.5,44.4,25.2,8.2,4.3,15.1,19.9,115.3,55.0,27.4,114.7,109.0,100.0,40.1,86.8,0.462,14.3,0.35700000000000004,25.8,46.7,0.552,20.2,26.4,0.7659999999999999,10.8,33.3,44.1,25.1,8.1,4.3,15.0,19.8,2017,67.07317073170732,0.4673144876325088,87.19999999999999,46.21559633027523
92,Denver Nuggets,82,240.9,41.2,87.7,0.469,10.6,28.8,36.8,30.6,58.9,51.9,18.7,24.2,0.774,11.8,34.6,46.4,25.3,6.9,3.9,15.0,19.1,111.7,40.0,25.2,113.2,112.7,98.3,41.7,88.9,0.469,10.8,0.368,31.0,59.7,0.519,19.0,24.5,0.774,11.9,35.1,47.0,25.7,7.0,4.0,15.2,19.4,2017,48.78048780487805,0.46472663139329806,87.7,32.839224629418474
93,Cleveland Cavaliers,82,242.4,39.9,84.9,0.47,13.0,33.9,38.4,26.9,51.0,52.800000000000004,17.5,23.3,0.748,9.3,34.4,43.7,22.7,6.6,4.0,13.7,18.1,110.3,51.0,29.2,113.6,110.3,96.2,41.1,87.4,0.47,13.4,0.384,27.7,52.5,0.528,18.0,24.0,0.748,9.6,35.4,45.0,23.3,6.8,4.1,14.1,18.7,2017,62.19512195121951,0.46947935368043087,84.9,39.92932862190812
94,Washington Wizards,82,242.1,41.3,87.0,0.475,9.2,24.8,37.2,32.1,62.3,51.5,17.3,22.1,0.784,10.3,32.6,42.9,23.9,8.5,4.1,14.2,21.3,109.2,49.0,26.0,111.2,109.3,97.4,42.1,88.6,0.475,9.4,0.37200000000000005,32.7,63.4,0.515,17.6,22.5,0.784,10.5,33.2,43.6,24.3,8.6,4.2,14.4,21.7,2017,59.756097560975604,0.4626462646264626,87.1,28.473019517795638
95,Los Angeles Clippers,82,240.9,39.5,83.2,0.475,10.3,27.4,37.5,29.3,55.8,52.5,19.3,26.0,0.745,9.0,34.0,43.0,22.5,7.5,4.2,13.0,19.8,108.7,51.0,30.0,112.7,108.2,96.1,41.0,86.3,0.475,10.6,0.375,30.4,57.9,0.525,20.1,26.9,0.745,9.3,35.3,44.6,23.4,7.7,4.4,13.4,20.6,2017,62.19512195121951,0.4602473498233215,83.19999999999999,32.932692307692314
96,Boston Celtics,82,240.9,38.6,85.1,0.45399999999999996,12.0,33.4,35.9,26.6,51.7,51.5,18.7,23.2,0.807,9.1,32.9,42.0,25.2,7.5,4.1,13.3,20.6,108.0,53.0,25.9,111.2,108.4,96.8,39.8,87.6,0.45399999999999996,12.4,0.359,27.4,53.2,0.515,19.3,23.9,0.807,9.3,33.9,43.2,26.0,7.7,4.3,13.7,21.2,2017,64.63414634146342,0.4699551569506727,85.1,39.247943595769684
97,Portland Trail Blazers,82,243.0,39.5,86.1,0.45899999999999996,10.4,27.7,37.5,29.2,58.4,49.9,18.5,23.7,0.78,10.1,33.5,43.7,21.1,7.0,5.0,13.7,21.2,107.9,41.0,24.8,110.3,110.8,96.7,40.4,87.9,0.45899999999999996,10.6,0.375,29.8,59.6,0.499,18.8,24.2,0.78,10.3,34.3,44.6,21.6,7.2,5.1,14.0,21.6,2017,50.0,0.471900089206066,86.1,32.17189314750291
98,Phoenix Suns,82,241.8,39.9,88.5,0.45,7.5,22.6,33.2,32.4,65.9,49.1,20.4,26.3,0.7759999999999999,11.9,33.1,45.0,19.6,8.2,4.9,15.4,24.8,107.7,24.0,25.0,106.6,112.2,100.3,39.5,87.6,0.45,7.4,0.332,32.0,65.3,0.491,20.2,26.1,0.7759999999999999,11.8,32.7,44.5,19.4,8.1,4.8,15.3,24.5,2017,29.268292682926827,0.4749340369393139,88.5,25.536723163841806
99,Toronto Raptors,82,241.2,39.2,84.4,0.46399999999999997,8.8,24.3,36.3,30.3,60.0,50.5,19.7,24.7,0.7959999999999999,10.6,32.6,43.3,18.5,8.3,4.9,12.7,20.8,106.9,51.0,26.1,112.3,107.8,94.7,41.1,88.6,0.46399999999999997,9.3,0.363,31.9,63.1,0.505,20.7,26.0,0.7959999999999999,11.2,34.3,45.4,19.4,8.7,5.1,13.3,21.9,2017,62.19512195121951,0.4607329842931937,84.3,28.825622775800714
100,Oklahoma City Thunder,82,241.5,39.5,87.4,0.452,8.4,25.8,32.7,31.0,61.6,50.4,19.2,25.8,0.745,12.2,34.4,46.6,21.0,7.9,5.0,15.0,20.9,106.6,47.0,24.7,108.3,107.5,97.8,40.1,88.8,0.452,8.6,0.327,31.5,62.6,0.504,19.5,26.2,0.745,12.4,34.9,47.4,21.3,8.0,5.1,15.2,21.2,2017,57.3170731707317,0.4817391304347826,87.4,29.51945080091533
101,Brooklyn Nets,82,240.9,37.8,85.2,0.444,10.7,31.6,33.8,27.1,53.6,50.6,19.4,24.6,0.7879999999999999,8.8,35.1,43.9,21.4,7.2,4.7,16.5,21.0,105.8,20.0,26.0,104.1,110.7,101.3,37.2,83.8,0.444,10.5,0.33799999999999997,26.7,52.7,0.506,19.1,24.2,0.7879999999999999,8.7,34.5,43.2,21.1,7.1,4.6,16.3,20.7,2017,24.390243902439025,0.4787037037037037,85.2,37.08920187793427
102,Minnesota Timberwolves,82,241.5,39.5,84.4,0.467,7.3,21.0,34.9,32.1,63.4,50.7,19.3,24.2,0.799,11.4,31.0,42.4,23.7,8.0,4.5,14.0,20.1,105.6,31.0,24.0,110.8,112.0,94.6,41.4,88.6,0.467,7.7,0.349,33.7,66.6,0.507,20.3,25.4,0.799,12.0,32.5,44.5,24.8,8.4,4.7,14.7,21.1,2017,37.80487804878049,0.4587719298245614,84.4,24.881516587677723
103,San Antonio Spurs,82,241.5,39.3,83.7,0.469,9.2,23.5,39.1,30.1,60.2,50.0,17.6,22.0,0.797,10.0,33.9,43.9,23.8,8.0,5.9,13.4,18.3,105.3,61.0,29.6,111.1,103.5,94.2,41.5,88.3,0.469,9.7,0.391,31.8,63.5,0.5,18.5,23.2,0.797,10.6,35.7,46.3,25.1,8.4,6.2,14.2,19.3,2017,74.39024390243902,0.4618834080717489,83.7,28.076463560334524
104,Indiana Pacers,82,242.1,39.3,84.5,0.465,8.6,23.0,37.6,30.6,61.5,49.8,17.9,22.1,0.81,9.0,33.0,42.0,22.5,8.2,5.0,13.8,19.5,105.1,42.0,27.0,108.6,108.8,95.9,40.6,87.4,0.465,8.9,0.376,31.7,63.6,0.498,18.5,22.8,0.81,9.4,34.1,43.4,23.2,8.4,5.2,14.2,20.1,2017,51.21951219512195,0.46370235934664245,84.5,27.218934911242602
105,Charlotte Hornets,82,241.8,37.7,85.4,0.442,10.0,28.6,35.1,27.7,56.7,48.8,19.4,23.8,0.815,8.8,34.8,43.6,23.1,7.0,4.8,11.5,16.6,104.9,36.0,26.5,108.8,108.6,95.7,39.1,88.5,0.442,10.4,0.35100000000000003,28.7,58.9,0.488,20.1,24.7,0.815,9.1,36.1,45.2,23.9,7.2,4.9,11.9,17.2,2017,43.90243902439025,0.47703180212014135,85.30000000000001,33.52872215709261
106,Los Angeles Lakers,82,240.3,39.3,87.4,0.45,8.9,25.7,34.6,30.4,61.6,49.3,17.0,22.6,0.754,11.4,32.1,43.5,20.9,8.2,3.9,15.2,20.7,104.6,26.0,25.1,106.0,113.0,98.5,39.9,88.6,0.45,9.0,0.34600000000000003,30.8,62.5,0.493,17.3,22.9,0.754,11.5,32.6,44.1,21.2,8.3,4.0,15.4,21.0,2017,31.70731707317073,0.4869955156950672,87.3,29.43871706758305
107,New Orleans Pelicans,82,242.7,39.1,87.0,0.45,9.4,26.8,35.0,29.8,60.2,49.5,16.7,22.3,0.75,8.6,35.1,43.7,22.8,7.8,5.5,12.9,18.2,104.3,34.0,25.7,105.2,107.4,98.0,39.5,87.7,0.45,9.4,0.35,30.0,60.7,0.495,16.8,22.4,0.75,8.6,35.4,44.1,23.0,7.8,5.6,13.0,18.3,2017,41.46341463414634,0.48864668483197093,87.0,30.804597701149426
108,New York Knicks,82,242.1,39.6,88.5,0.447,8.6,24.7,34.8,31.0,63.8,48.5,16.6,21.1,0.7879999999999999,12.0,33.2,45.2,21.8,7.1,5.5,13.9,20.3,104.3,31.0,27.3,107.7,111.5,96.0,40.9,91.4,0.447,8.9,0.348,32.0,65.9,0.485,17.2,21.8,0.7879999999999999,12.4,34.3,46.7,22.5,7.3,5.7,14.3,21.0,2017,37.80487804878049,0.4867491166077739,88.5,27.90960451977401
109,Milwaukee Bucks,82,241.2,38.8,81.9,0.474,8.8,23.7,37.0,30.0,58.2,51.6,17.2,22.4,0.768,8.8,31.6,40.4,24.2,8.1,5.3,14.0,20.2,103.6,42.0,25.6,109.1,109.3,94.5,40.9,86.2,0.474,9.2,0.37,31.6,61.2,0.516,18.1,23.6,0.768,9.3,33.2,42.5,25.5,8.6,5.6,14.7,21.3,2017,51.21951219512195,0.4626593806921676,81.9,28.937728937728934
110,Miami Heat,82,241.2,39.0,85.8,0.455,9.9,27.0,36.5,29.2,58.8,49.6,15.2,21.6,0.706,10.6,33.0,43.6,21.2,7.2,5.7,13.4,20.5,103.2,41.0,26.5,107.8,106.7,95.2,40.8,89.7,0.455,10.3,0.365,30.5,61.5,0.496,15.9,22.5,0.706,11.1,34.5,45.6,22.2,7.5,6.0,14.0,21.4,2017,50.0,0.49465240641711233,85.8,31.46853146853147
111,Atlanta Hawks,82,242.4,38.1,84.4,0.451,8.9,26.1,34.1,29.2,58.3,50.1,18.1,24.9,0.728,10.3,34.1,44.3,23.6,8.2,4.8,15.8,18.2,103.2,43.0,27.9,104.9,105.7,97.4,38.7,85.8,0.451,9.0,0.341,29.7,59.3,0.501,18.4,25.3,0.728,10.4,34.6,45.1,24.0,8.3,4.9,16.0,18.5,2017,52.4390243902439,0.486048604860486,84.4,30.924170616113745
112,Chicago Bulls,82,241.2,38.6,87.1,0.444,7.6,22.3,34.0,31.0,64.8,47.9,18.0,22.5,0.7979999999999999,12.2,34.1,46.3,22.6,7.8,4.8,13.6,17.7,102.9,41.0,26.9,107.4,107.0,95.3,40.4,90.9,0.444,7.9,0.34,32.4,67.6,0.479,18.8,23.5,0.7979999999999999,12.7,35.6,48.3,23.6,8.2,5.0,14.2,18.5,2017,50.0,0.4825174825174825,87.1,25.602755453501725
113,Sacramento Kings,82,242.4,37.9,82.1,0.461,9.0,23.9,37.6,28.9,58.2,49.6,18.1,23.3,0.775,8.7,32.3,41.1,22.5,7.6,4.0,14.6,20.3,102.8,32.0,27.9,107.3,111.3,94.9,39.5,85.7,0.461,9.4,0.376,30.1,60.8,0.496,18.9,24.3,0.775,9.1,33.7,42.8,23.5,8.0,4.1,15.3,21.2,2017,39.02439024390244,0.4690909090909091,82.1,29.11084043848965
114,Philadelphia 76ers,82,241.8,37.7,85.3,0.442,10.1,29.8,34.0,27.5,55.5,49.6,17.0,22.0,0.7709999999999999,9.8,33.0,42.8,23.8,8.4,5.1,16.7,21.9,102.4,28.0,24.6,103.2,108.9,98.5,37.9,85.9,0.442,10.2,0.34,27.7,55.9,0.496,17.1,22.2,0.7709999999999999,9.9,33.2,43.2,23.9,8.5,5.2,16.8,22.0,2017,34.146341463414636,0.49121184088806663,85.3,34.93552168815944
115,Detroit Pistons,82,241.5,39.9,88.8,0.449,7.7,23.4,33.0,32.2,65.5,49.2,13.9,19.3,0.7190000000000001,11.1,34.6,45.7,21.1,7.0,3.8,11.9,17.9,101.3,37.0,25.4,106.0,107.1,95.0,41.7,92.9,0.449,8.0,0.33,33.6,68.5,0.49200000000000005,14.5,20.2,0.7190000000000001,11.6,36.2,47.8,22.1,7.3,4.0,12.4,18.7,2017,45.1219512195122,0.5030946065428824,88.9,26.321709786276713
116,Orlando Magic,82,241.5,38.3,87.0,0.44,8.5,26.1,32.8,29.7,60.9,48.8,16.0,21.4,0.747,9.8,33.3,43.2,22.2,7.1,4.8,13.3,19.3,101.1,29.0,25.3,103.7,110.5,96.8,39.3,89.3,0.44,8.8,0.32799999999999996,30.5,62.5,0.488,16.4,21.9,0.747,10.1,34.2,44.3,22.8,7.3,5.0,13.7,19.8,2017,35.36585365853659,0.49910071942446044,87.0,30.0
117,Utah Jazz,82,240.9,37.0,79.5,0.466,9.6,26.0,37.2,27.3,53.5,51.1,17.1,22.9,0.747,9.4,33.8,43.2,20.1,6.7,5.0,13.6,18.8,100.7,51.0,26.8,109.6,105.3,91.6,40.2,86.5,0.466,10.5,0.37200000000000005,29.8,58.2,0.511,18.6,24.9,0.747,10.2,36.8,47.0,21.9,7.3,5.4,14.8,20.5,2017,62.19512195121951,0.4721723518850987,79.5,32.70440251572327
118,Memphis Grizzlies,82,242.7,36.4,83.6,0.435,9.4,26.5,35.4,27.0,57.1,47.3,18.3,23.4,0.784,10.8,32.0,42.8,21.3,8.0,4.2,12.9,22.4,100.5,43.0,29.5,107.7,107.1,92.3,39.0,89.6,0.435,10.0,0.354,29.0,61.2,0.473,19.7,25.1,0.784,11.6,34.3,45.8,22.8,8.5,4.5,13.8,24.0,2017,52.4390243902439,0.48823016564952043,83.6,31.698564593301437
119,Dallas Mavericks,82,241.2,36.2,82.3,0.44,10.7,30.2,35.5,25.5,52.2,48.9,14.8,18.5,0.8009999999999999,7.9,30.7,38.6,20.8,7.5,3.7,11.9,19.1,97.9,33.0,27.6,105.6,108.8,92.2,39.0,88.8,0.44,11.6,0.355,27.5,56.3,0.489,16.0,19.9,0.8009999999999999,8.5,33.1,41.6,22.4,8.1,4.0,12.8,20.6,2017,40.243902439024396,0.4940202391904323,82.4,36.6504854368932
120,Golden State Warriors,82,240.6,42.8,85.1,0.503,11.3,28.9,39.1,31.5,56.2,56.00000000000001,16.6,20.3,0.815,8.4,35.1,43.5,29.3,8.0,7.5,15.5,19.6,113.5,58.0,28.8,113.6,107.6,99.6,42.9,85.3,0.503,11.3,0.391,31.5,56.3,0.56,16.6,20.4,0.815,8.4,35.1,43.6,29.3,8.0,7.5,15.5,19.6,2018,70.73170731707317,0.43708609271523174,85.1,33.96004700352527
121,Houston Rockets,82,240.9,38.7,84.2,0.46,15.3,42.3,36.2,23.4,41.9,55.8,19.6,25.1,0.7809999999999999,9.0,34.5,43.5,21.5,8.5,4.8,13.8,19.5,112.4,65.0,29.8,114.7,106.1,97.6,39.5,86.0,0.46,15.6,0.36200000000000004,23.9,42.8,0.5579999999999999,20.0,25.7,0.7809999999999999,9.2,35.2,44.4,22.0,8.7,4.9,14.1,19.9,2018,79.26829268292683,0.4673231871083259,84.19999999999999,50.2375296912114
122,New Orleans Pelicans,82,243.4,42.7,88.3,0.483,10.2,28.2,36.2,32.5,60.1,54.0,16.1,20.9,0.772,8.7,35.7,44.3,26.8,8.0,5.9,14.9,19.1,111.7,48.0,27.6,109.6,108.3,100.5,41.9,86.6,0.483,10.0,0.36200000000000004,31.9,59.0,0.54,15.8,20.5,0.772,8.5,35.0,43.5,26.3,7.9,5.8,14.6,18.8,2018,58.536585365853654,0.46125116713352005,88.3,31.936579841449603
123,Toronto Raptors,82,241.8,41.3,87.4,0.47200000000000003,11.8,33.0,35.8,29.5,54.4,54.1,17.3,21.8,0.794,9.8,34.2,44.0,24.3,7.6,6.1,13.4,21.7,111.7,59.0,25.8,113.8,105.9,97.4,42.0,89.1,0.47200000000000003,12.0,0.358,30.0,55.5,0.541,17.7,22.2,0.794,9.9,34.9,44.8,24.8,7.8,6.2,13.6,22.2,2018,71.95121951219512,0.4636118598382749,87.4,37.75743707093821
124,Cleveland Cavaliers,82,240.6,40.4,84.8,0.47600000000000003,12.0,32.1,37.2,28.4,52.6,54.0,18.1,23.3,0.779,8.5,33.7,42.1,23.4,7.1,3.8,13.7,18.6,110.9,50.0,30.6,112.9,111.9,98.0,41.1,86.3,0.47600000000000003,12.2,0.37200000000000005,28.9,53.6,0.54,18.5,23.7,0.779,8.6,34.3,42.9,23.8,7.2,3.9,14.0,18.9,2018,60.97560975609756,0.4581818181818182,84.7,37.89846517119245
125,Denver Nuggets,82,242.4,40.7,86.6,0.47,11.5,30.9,37.1,29.2,55.7,52.5,17.1,22.3,0.767,11.0,33.5,44.5,25.1,7.6,4.9,15.0,18.7,110.0,46.0,25.1,112.5,111.0,96.8,41.6,88.5,0.47,11.7,0.371,29.9,56.9,0.525,17.5,22.8,0.767,11.2,34.3,45.5,25.7,7.8,5.0,15.3,19.1,2018,56.09756097560976,0.4690026954177897,86.6,35.68129330254042
126,Philadelphia 76ers,82,241.2,40.8,86.6,0.47200000000000003,11.0,29.8,36.9,29.9,56.7,52.6,17.1,22.8,0.752,10.9,36.5,47.4,27.1,8.3,5.1,16.5,22.1,109.8,52.0,25.8,109.5,105.0,99.8,40.7,86.3,0.47200000000000003,11.0,0.369,29.8,56.6,0.526,17.1,22.7,0.752,10.9,36.4,47.3,27.0,8.3,5.1,16.4,22.0,2018,63.41463414634146,0.4697247706422018,86.5,34.45086705202312
127,Minnesota Timberwolves,82,241.5,41.0,86.1,0.47600000000000003,8.0,22.5,35.7,33.0,63.6,51.9,19.4,24.1,0.804,10.3,31.6,42.0,22.7,8.4,4.2,12.5,18.2,109.5,47.0,27.1,113.4,111.1,96.0,42.5,89.2,0.47600000000000003,8.3,0.35700000000000004,34.2,65.9,0.519,20.1,25.0,0.804,10.7,32.7,43.4,23.5,8.7,4.4,12.9,18.9,2018,57.3170731707317,0.45183887915936954,86.1,26.132404181184672
128,Los Angeles Clippers,82,240.3,40.3,85.4,0.47100000000000003,9.5,26.8,35.4,30.8,58.6,52.5,19.0,25.5,0.743,10.1,33.7,43.9,22.3,7.7,4.5,14.7,20.0,109.0,42.0,27.0,110.3,110.2,98.7,40.7,86.4,0.47100000000000003,9.6,0.354,31.2,59.3,0.525,19.2,25.8,0.743,10.3,34.1,44.4,22.6,7.7,4.6,14.9,20.2,2018,51.21951219512195,0.46613190730837784,85.4,31.38173302107728
129,Charlotte Hornets,82,241.2,39.0,86.7,0.45,10.0,27.2,36.9,28.9,59.4,48.7,20.2,27.0,0.747,10.1,35.4,45.5,21.6,6.8,4.5,12.7,17.2,108.2,36.0,26.6,109.4,109.1,98.4,39.4,87.6,0.45,10.2,0.369,29.3,60.1,0.48700000000000004,20.4,27.3,0.747,10.2,35.8,46.0,21.8,6.9,4.6,12.8,17.4,2018,43.90243902439025,0.4795474325500435,86.6,31.40877598152425
130,Los Angeles Lakers,82,242.7,40.7,88.4,0.461,10.0,29.1,34.5,30.7,59.3,51.7,16.6,23.3,0.7140000000000001,10.7,35.7,46.4,23.8,7.7,4.7,15.8,21.2,108.1,35.0,23.7,106.5,108.0,100.3,40.1,87.1,0.461,9.9,0.345,30.2,58.4,0.517,16.4,23.0,0.7140000000000001,10.5,35.2,45.7,23.4,7.6,4.7,15.6,20.9,2018,42.68292682926829,0.48683015440508626,88.4,32.918552036199095
131,Oklahoma City Thunder,82,241.8,39.9,88.1,0.45299999999999996,10.7,30.4,35.4,29.1,57.7,50.5,17.3,24.2,0.716,12.5,32.6,45.1,21.3,9.1,5.0,14.0,20.2,107.9,48.0,27.3,110.7,107.2,96.7,40.9,90.4,0.45299999999999996,11.0,0.354,29.9,59.2,0.505,17.8,24.8,0.716,12.8,33.4,46.2,21.9,9.3,5.2,14.4,20.7,2018,58.536585365853654,0.4904513888888889,88.1,34.50624290578887
132,Washington Wizards,82,242.1,39.9,85.6,0.467,9.9,26.5,37.5,30.0,59.1,50.8,16.8,21.8,0.772,10.0,33.1,43.1,25.2,7.9,4.3,14.6,21.3,106.6,43.0,26.9,109.3,108.7,96.6,41.0,87.8,0.467,10.2,0.375,30.8,60.6,0.508,17.2,22.3,0.772,10.3,33.9,44.2,25.8,8.1,4.4,15.0,21.8,2018,52.4390243902439,0.4713896457765667,85.6,30.95794392523365
133,Brooklyn Nets,82,242.1,38.2,86.8,0.441,12.7,35.7,35.6,25.5,51.1,50.0,17.4,22.6,0.772,9.7,34.8,44.4,23.7,6.2,4.8,15.2,20.6,106.6,28.0,25.1,106.9,110.6,98.9,38.3,87.0,0.441,12.7,0.35600000000000004,25.6,51.2,0.5,17.5,22.6,0.772,9.7,34.9,44.6,23.7,6.3,4.8,15.2,20.6,2018,34.146341463414636,0.4908759124087591,86.80000000000001,41.12903225806451
134,Milwaukee Bucks,82,241.8,39.7,83.0,0.478,8.8,24.7,35.5,31.0,58.3,53.1,18.3,23.4,0.7829999999999999,8.4,31.5,39.8,23.2,8.8,5.4,13.8,21.4,106.5,44.0,25.9,109.8,110.1,96.2,41.0,85.6,0.478,9.0,0.355,31.9,60.1,0.531,18.8,24.1,0.7829999999999999,8.7,32.4,41.1,24.0,9.1,5.6,14.3,22.0,2018,53.65853658536586,0.45487693710118504,83.0,29.75903614457831
135,Portland Trail Blazers,82,240.9,39.3,87.0,0.452,10.3,28.1,36.6,29.0,58.8,49.3,16.7,20.9,0.8,10.2,35.3,45.5,19.5,7.0,5.2,13.5,19.5,105.6,49.0,25.6,109.1,106.4,96.5,40.6,89.8,0.452,10.6,0.366,29.9,60.7,0.493,17.3,21.6,0.8,10.5,36.4,46.9,20.1,7.2,5.3,14.0,20.1,2018,59.756097560975604,0.4802513464991023,86.9,32.33601841196778
136,Indiana Pacers,82,240.9,40.8,86.4,0.47200000000000003,9.0,24.5,36.9,31.8,61.9,51.300000000000004,14.9,19.2,0.779,9.6,32.7,42.3,22.2,8.8,4.1,13.3,18.8,105.6,48.0,26.2,109.5,108.1,96.0,42.3,89.6,0.47200000000000003,9.4,0.369,32.9,64.2,0.513,15.5,19.9,0.779,10.0,34.0,43.9,23.0,9.1,4.3,13.8,19.5,2018,58.536585365853654,0.4721461187214612,86.4,28.356481481481477
137,New York Knicks,82,241.8,40.7,87.7,0.46399999999999997,8.2,23.3,35.2,32.5,64.4,50.4,14.9,19.0,0.787,10.5,33.6,44.0,23.3,6.7,5.1,14.7,20.5,104.5,29.0,26.3,107.1,110.7,96.8,41.7,89.9,0.46399999999999997,8.4,0.35200000000000004,33.3,66.0,0.504,15.3,19.5,0.787,10.7,34.4,45.1,23.9,6.9,5.3,15.1,21.0,2018,35.36585365853659,0.47897623400365635,87.7,26.567844925883694
138,Utah Jazz,82,240.9,38.3,82.9,0.462,10.8,29.6,36.6,27.5,53.3,51.5,16.8,21.5,0.779,9.0,34.2,43.3,22.4,8.6,5.1,14.7,19.6,104.1,48.0,26.7,108.4,103.9,95.7,39.8,86.3,0.462,11.3,0.366,28.6,55.5,0.515,17.5,22.4,0.779,9.4,35.6,45.0,23.3,9.0,5.3,15.3,20.4,2018,58.536585365853654,0.4728610855565777,82.9,35.70566948130278
139,Boston Celtics,82,241.5,38.3,85.1,0.45,11.5,30.4,37.7,26.9,54.7,49.1,16.0,20.7,0.7709999999999999,9.4,35.1,44.5,22.5,7.4,4.5,14.0,19.7,104.0,55.0,24.7,107.6,103.9,96.0,39.6,88.0,0.45,11.8,0.377,27.8,56.6,0.491,16.5,21.4,0.7709999999999999,9.7,36.3,46.0,23.2,7.6,4.7,14.5,20.4,2018,67.07317073170732,0.48720292504570384,85.1,35.72267920094007
140,Phoenix Suns,82,240.3,38.5,87.1,0.442,9.3,27.9,33.4,29.1,59.2,49.2,17.7,23.9,0.741,10.3,33.9,44.1,21.3,6.9,4.5,15.7,22.0,103.9,21.0,23.7,103.5,112.8,100.3,38.3,86.7,0.442,9.3,0.33399999999999996,29.0,59.0,0.49200000000000005,17.6,23.8,0.741,10.2,33.7,43.9,21.2,6.9,4.5,15.7,21.9,2018,25.609756097560975,0.49411764705882355,87.1,32.03214695752009
141,Detroit Pistons,82,241.5,39.1,86.9,0.45,10.8,28.9,37.3,28.3,58.0,48.8,14.7,19.8,0.745,10.1,33.6,43.7,22.8,7.7,3.9,13.5,18.4,103.8,39.0,25.9,107.2,107.3,96.2,40.4,89.8,0.45,11.2,0.373,29.2,59.9,0.488,15.2,20.4,0.745,10.5,34.7,45.2,23.5,7.9,4.0,13.9,19.0,2018,47.5609756097561,0.4954627949183303,86.9,33.2566168009206
142,Miami Heat,82,243.0,38.8,85.3,0.455,11.0,30.6,36.0,27.8,54.8,50.8,14.7,19.5,0.755,9.3,34.2,43.5,22.7,7.6,5.3,14.4,20.1,103.4,44.0,26.5,106.8,106.3,95.6,40.1,88.1,0.455,11.4,0.36,28.7,56.6,0.508,15.2,20.2,0.755,9.6,35.3,44.9,23.5,7.8,5.5,14.9,20.8,2018,53.65853658536586,0.48938134810710987,85.4,35.831381733021075
143,Orlando Magic,82,240.6,38.8,85.9,0.452,10.3,29.3,35.1,28.5,56.5,50.4,15.5,20.5,0.757,8.8,32.8,41.6,23.4,7.6,4.9,14.5,19.3,103.4,25.0,25.6,105.2,110.1,98.1,39.5,87.4,0.452,10.5,0.35100000000000003,29.0,57.5,0.504,15.8,20.8,0.757,9.0,33.4,42.4,23.8,7.7,5.0,14.8,19.6,2018,30.48780487804878,0.488909426987061,85.8,34.14918414918415
144,Atlanta Hawks,82,240.3,38.2,85.5,0.446,11.2,31.0,36.0,27.0,54.5,49.5,15.8,20.2,0.785,9.1,32.8,41.9,23.7,7.8,4.2,15.6,19.6,103.4,24.0,25.4,105.0,110.6,98.3,38.8,86.9,0.446,11.4,0.36,27.4,55.4,0.495,16.1,20.5,0.785,9.2,33.4,42.6,24.1,7.9,4.3,15.8,19.9,2018,29.268292682926827,0.48882681564245817,85.5,36.25730994152047
145,Chicago Bulls,82,242.1,38.7,88.8,0.435,11.0,31.1,35.5,27.6,57.8,47.8,14.6,19.2,0.759,9.6,35.0,44.7,23.5,7.6,3.5,14.0,19.2,102.9,27.0,24.4,103.8,110.9,98.3,39.0,89.6,0.435,11.1,0.355,27.8,58.2,0.478,14.7,19.4,0.759,9.7,35.3,45.0,23.6,7.7,3.6,14.1,19.3,2018,32.926829268292686,0.5073394495412844,88.9,34.983127109111365
146,San Antonio Spurs,82,240.6,39.0,85.4,0.457,8.5,24.1,35.2,30.6,61.2,49.9,16.1,20.9,0.772,10.4,33.9,44.2,22.8,7.7,5.6,13.1,17.2,102.7,47.0,29.3,107.9,104.8,95.0,41.0,89.6,0.457,8.9,0.35200000000000004,32.1,64.3,0.499,17.0,22.0,0.772,10.9,35.6,46.4,23.9,8.0,5.9,13.8,18.0,2018,57.3170731707317,0.48028673835125446,85.30000000000001,28.253223915592024
147,Dallas Mavericks,82,241.5,38.1,85.9,0.444,11.8,32.8,36.0,26.4,53.1,49.6,14.2,18.7,0.763,8.1,33.1,41.3,22.7,7.0,3.8,12.3,19.2,102.3,24.0,27.7,106.3,109.5,95.6,39.6,89.2,0.444,12.3,0.36,27.4,55.2,0.496,14.8,19.4,0.763,8.4,34.4,42.9,23.5,7.3,3.9,12.8,20.0,2018,29.268292682926827,0.49907918968692444,85.9,38.183934807916174
148,Memphis Grizzlies,82,240.3,36.7,82.8,0.444,9.2,26.2,35.2,27.5,56.5,48.6,16.6,21.1,0.7859999999999999,9.5,31.0,40.5,21.5,7.5,4.8,15.0,23.2,99.3,22.0,26.0,104.5,111.0,94.9,38.7,87.1,0.444,9.7,0.35200000000000004,28.9,59.5,0.486,17.5,22.2,0.7859999999999999,10.0,32.6,42.6,22.7,7.9,5.1,15.7,24.4,2018,26.82926829268293,0.48581884720951507,82.7,31.68077388149939
149,Sacramento Kings,82,240.9,38.8,86.1,0.45,9.0,24.0,37.5,29.8,62.1,47.9,12.3,16.7,0.735,9.5,31.4,40.9,21.6,7.8,4.1,13.7,20.0,98.8,27.0,26.4,103.7,111.1,94.9,40.7,90.4,0.45,9.4,0.375,31.2,65.2,0.479,12.9,17.5,0.735,9.9,33.0,42.9,22.6,8.2,4.4,14.4,21.0,2018,32.926829268292686,0.5032437442075997,86.1,27.87456445993032
